호선,역이름,무임승하차비율,무임승하차,유임승하차,출퇴근시간 이용객수,출퇴근시간 제외한 이용객수 ,역간거리(km),지역,행정동,노인인구비율,노인인구수,평균연령,인구수(사분위수),인구밀도 (명/㎢),지역별통근인원비율(12세 이상),지역내총생산(2016)(백만원),자치구별 재난지원금 대상자 비율 ,석유사용량(bbl),교통안전지수,자동차수,통근 통학시 지하철 이용 비율,250m내 버스정류장 수,자치구별 지하철역 개수,자동차세,재산세,지방소득세(2020),지역별 기초수급자 비율,차 1대당 석유사용량,"2020 세금평균(자동차, 재산,지방소득)"
1호선,동대문,29.74611037,256357.7205,605461.5807,201212.7912,668491.0769,0.6,종로구,창신동,0.204215079,1432.333333,48.7,1,"6,431",0.624675168,"28,036,775",70.2,13516.80335,79.78,50533,30.4,5,15,"9,781","101,544","464,908",0.0027745,0.2675,192078
1호선,동묘앞,46.7424452,285406.8925,325187.8064,139446.4615,459489.4505,0.7,종로구,숭인동,0.179684014,"1,690",44.7,1,"6,431",0.624675168,"28,036,775",70.2,13516.80335,79.78,50533,30.4,8,15,"9,781","101,544","464,908",0.003191,0.2675,192078
1호선,서울역,13.29169016,392607.1828,2561172.043,965310.6264,2019218.374,1.1,중구,회현동,0.258895478,"1,397",51.2,0,"13,231",0.615770266,"48,654,807",73.1,71269.84584,75.2,58919,41.1,10,24,"10,353","150,957","853,522",0.0036656,1.2096,338277
1호선,시청,13.33140338,183237.7312,1191244.204,522431.5495,843980.0989,1,중구,소곡동,0.088843577,305,41.4,0,"13,231",0.615770266,"48,654,807",73.1,71269.84584,75.2,58919,41.1,7,24,"10,353","150,957","853,522",0.0003879,1.2096,338277
1호선,신설동,25.84470255,225766.4408,647783.7204,301949.8242,576345.1319,0.9,동대문구,용신동,0.172544891,"5,900",44.4,3,"24,762",0.627476874,"7,180,082",80.7,56891.33842,77.07,98441,32.1,11,14,"18,247","68,342","59,508",0.0048248,0.5779,48699
1호선,제기동,54.23527468,609370.0861,514197.7204,269293.4835,847797.5275,1,동대문구,제기동,0.219732291,"5,844",47,3,"24,762",0.627476874,"7,180,082",80.7,56891.33842,77.07,98441,32.1,3,14,"18,247","68,342","59,508",0.004529,0.5779,48699
1호선,종각,11.97508129,277174.0108,2037415.796,833599.6593,1506018.747,0.8,종로구,종로1.2.3.4가동,0.226581991,"1,998",50.9,1,"6,431",0.624675168,"28,036,775",70.2,13516.80335,79.78,50533,30.4,13,15,"9,781","101,544","464,908",0.0052802,0.2675,192078
1호선,종로3가,36.01086804,643358.1183,1143208.419,431128.8242,1373562.099,0.9,종로구,종로1.2.3.4가동,0.226581991,"1,998",50.9,1,"6,431",0.624675168,"28,036,775",70.2,13516.80335,79.78,50533,30.4,11,15,"9,781","101,544","464,908",0.0052802,0.2675,192078
1호선,종로5가,34.52337819,500270.9677,948807.871,429670.4396,1025501.527,0.8,종로구,종로5.6가동,0.19253977,"1,053",46.8,1,"6,431",0.624675168,"28,036,775",70.2,13516.80335,79.78,50533,30.4,15,15,"9,781","101,544","464,908",0.002143,0.2675,192078
1호선,청량리(서울시립대입구),39.50521682,642270.9362,983516.7139,423827.8191,1197890.929,0.8,동대문구,청량리동,0.276746982,"5,295",50.7,3,"24,762",0.627476874,"7,180,082",80.7,56891.33842,77.07,98441,32.1,10,14,"18,247","68,342","59,508",0.005,0.5779,48699
2호선,강남,5.642659611,308805.3441,5163886,1629976.088,3858467.297,0.8,강남구,역삼1동,0.131300203,"3,716",41,3,"13,616",0.660353369,"59,981,514",45.2,184499.0193,67.52,247069,30.4,16,33,"54,479","612,630","1,317,569",0.0021371,0.7468,661559
2호선,강변(동서울터미널),9.98766008,269361,2427577,"767,197.80","1,928,130.98",0.9,광진구,구의동,0.15091343,3768.5,42.65,2,"20,666",0.650722907,"5,970,256",76.9,64470.5604,83,99327,35.7,9,11,"18,753","74,985","75,468",0.0022025,0.6491,56402
2호선,건대입구,7.213497249,183076.3333,2354892.796,723364.8571,1821864.209,1.2,광진구,화양동,0.087606997,"2,354",37.1,2,"20,666",0.650722907,"5,970,256",76.9,64470.5604,83,99327,35.7,9,11,"18,753","74,985","75,468",0.0021031,0.6491,56402
2호선,교대(법원.검찰청),14.38169342,323415.6705,1925385.364,"702,608.55","1,546,686.51",1.2,서초구,서초동,0.131300203,3938.5,41.5,2,"8,858",0.669376204,"29,493,607",45.2,141363.4971,77.1,176544,31.5,11,19,"41,774","361,958","671,136",0.0006003,0.8007,358289
2호선,구로디지털단지,9.293359939,327322.5806,3194789.796,1297110.473,2233154.582,1.1,구로구,구로3동,0.142081699,"3,586",42.5,3,"20,933",0.630238761,"11,964,909",84.2,82654.40333,78.13,145961,39.6,8,13,"25,689","72,886","111,685",0.0011543,0.5663,70087
2호선,구의(광진구청),14.92398797,206957.5843,1179786.929,"462,643.29","922,585.11",1.6,광진구,자양1동,0.15651036,"3,588",43.9,2,"20,666",0.650722907,"5,970,256",76.9,64470.5604,83,99327,35.7,5,11,"18,753","74,985","75,468",0.003728,0.6491,56402
2호선,낙성대(강감찬),12.67526278,201164.125,1385896.661,"522,598.61","1,072,014.53",1.7,관악구,낙성대동,0.113760027,"2,028",38.7,4,"16,891",0.631388488,"5,358,231",84.2,35455.66331,77.93,118294,40.6,10,4,"21,403","68,343","56,941",0.0008956,0.2997,48896
2호선,당산,10.30702274,130584,1136358,457496.8022,812732.6703,1.1,영등포구,당산동,0.147220186,4146,42.1,3,"16,331",0.644943875,"27,701,698",72.6,183681.3439,75.22,145699,46.6,10,19,"27,663","144,087","649,609",0.0010708,1.2607,273786
2호선,대림(구로구청),12.8053942,229681.2952,1563947.949,"564,633.09","1,222,538.18",1.1,구로구,구로5동,0.154107666,"4,941",43.5,3,"20,933",0.630238761,"11,964,909",84.2,82654.40333,78.13,145961,39.6,10,13,"25,689","72,886","111,685",0.0011637,0.5663,70087
2호선,도림천,19.53535702,13634.39785,56159.04302,26671.48352,41950.57143,1,구로구,신도림동,0.134233738,"4,870",40.8,3,"20,933",0.630238761,"11,964,909",84.2,82654.40333,78.13,145961,39.6,3,13,"25,689","72,886","111,685",0.0004411,0.5663,70087
2호선,동대문역사문화공원(DDP),11.65993865,108471.2845,821819.0693,"250,735.16","674,031.67",1,중구,광희동,0.177336847,"1,144",46.6,0,"13,231",0.615770266,"48,654,807",73.1,71269.84584,75.2,58919,41.1,13,24,"10,353","150,957","853,522",0.0018368,1.2096,338277
2호선,뚝섬,10.95210107,118865.043,966452.2151,408954.1209,652100.7802,1.1,성동구,성수동,0.103821431,2290.75,44.575,1,"17,359",0.639532771,"10,503,045",69.1,59677.72459,78.71,105988,39.8,5,19,"20,293","99,430","129,927",0.0016154,0.5631,83217
2호선,문래,13.79267483,156410.2688,977599.4193,450727.0659,679855.967,1.2,영등포구,문래동,0.145699615,"4,767",41.1,3,"16,331",0.644943875,"27,701,698",72.6,183681.3439,75.22,145699,46.6,7,19,"27,663","144,087","649,609",0.0006849,1.2607,273786
2호선,방배,13.35306435,148570.2688,964060.2473,371216.8681,751232.8462,1.7,서초구,방배동,0.147647609,3368.25,43.725,2,"8,858",0.669376204,"29,493,607",45.2,141363.4971,77.1,176544,31.5,15,19,"41,774","361,958","671,136",0.0008189,0.8007,358289
2호선,봉천,21.24215431,284087.7957,1053289.72,436962.6374,894140.7033,1,관악구,"은천동,청룡동",0.153609556,5340,41.7,4,"16,891",0.631388488,"5,358,231",84.2,35455.66331,77.93,118294,40.6,12,4,"21,403","68,343","56,941",0.0028279,0.2997,48896
2호선,사당,14.61563466,366897.7526,2143412.344,757749.3956,1757489.275,1.6,동작구,사당동,0.148664035,3828.6,44.18,3,"24,113",0.637999816,"5,184,807",73.5,30228.83056,78.71,106503,43.3,12,17,"21,743","83,726","73,671",0.0014935,0.2838,59713
2호선,삼성(무역센터),6.939041738,227891.247,3056297.775,"1,130,570.22","2,198,747.63",1,강남구,삼성1동,0.149680461,"2,167",43.6,3,"13,616",0.660353369,"59,981,514",45.2,184499.0193,67.52,247069,30.4,16,33,"54,479","612,630","1,317,569",0.000334,0.7468,661559
2호선,상왕십리,16.5915917,125410.5484,630457.5484,257862.3516,472402.8352,0.9,성동구,하왕십리동,0.149680461,"3,877",42.3,1,"17,359",0.639532771,"10,503,045",69.1,59677.72459,78.71,105988,39.8,6,19,"20,293","99,430","129,927",0.003215,0.5631,83217
2호선,서울대입구(관악구청),12.8577273,388863.9687,2635496.088,"909,747.16","2,118,962.07",1,관악구,중앙동,0.15093979,"2,369",41.8,4,"16,891",0.631388488,"5,358,231",84.2,35455.66331,77.93,118294,40.6,13,4,"21,403","68,343","56,941",0.0012264,0.2997,48896
2호선,서초,12.57465687,159398.4409,1108218.183,443897.5714,823052.1758,0.7,서초구,서초동,0.122082585,3938.5,41.5,2,"8,858",0.669376204,"29,493,607",45.2,141363.4971,77.1,176544,31.5,8,19,"41,774","361,958","671,136",0.0006003,0.8007,358289
2호선,선릉,13.08887454,374376.2258,2485886.699,1020288.33,1850563.736,1.3,강남구,대치동,0.171488228,3306.333333,40.36666667,3,"13,616",0.660353369,"59,981,514",45.2,184499.0193,67.52,247069,30.4,7,33,"54,479","612,630","1,317,569",0.0005401,0.7468,661559
2호선,성수,11.47709153,197483.5484,1523192.355,720844.3187,973995.4505,2.3,성동구,성수동2가,0.199939958,2435.5,45.65,1,"17,359",0.639532771,"10,503,045",69.1,59677.72459,78.71,105988,39.8,7,19,"20,293","99,430","129,927",0.0018641,0.5631,83217
2호선,시청,8.055105893,107838.7634,1230924.065,583470.6154,757732.6264,1.1,중구,소곡동,0.088843577,305,41.4,0,"13,231",0.615770266,"48,654,807",73.1,71269.84584,75.2,58919,41.1,12,24,"10,353","150,957","853,522",0.0003879,1.2096,338277
2호선,신답,22.12276922,20211.08602,71147.66666,33249.16484,56352.3956,0.9,성동구,용답동,0.17578251,"2,179",45.8,1,"17,359",0.639532771,"10,503,045",69.1,59677.72459,78.71,105988,39.8,10,19,"20,293","99,430","129,927",0.0032045,0.5631,83217
2호선,신당,22.71409245,196282.9677,667863.2365,273933.4066,590556.7143,0.9,중구,신당동,0.164563846,"1,513",46.2,0,"13,231",0.615770266,"48,654,807",73.1,71269.84584,75.2,58919,41.1,5,24,"10,353","150,957","853,522",0.0034835,1.2096,338277
2호선,신대방,15.75295238,249174.2688,1332588.075,517066.9341,1056263.22,1.8,동작구,신대방1동,0.161618998,"4,029",43.4,3,"24,113",0.637999816,"5,184,807",73.5,30228.83056,78.71,106503,43.3,10,17,"21,743","83,726","73,671",0.0015383,0.2838,59713
2호선,신도림,11.64958571,380878.699,2888582.624,1030335.363,2281526.813,1.8,구로구,신도림동,0.134233738,"4,870",40.8,3,"20,933",0.630238761,"11,964,909",84.2,82654.40333,78.13,145961,39.6,8,13,"25,689","72,886","111,685",0.0004411,0.5663,70087
2호선,신림,11.65860629,456017.6237,3455407.226,1255816.462,2680228.868,1.1,관악구,신림동,0.08389022,"1,996",37.4,4,"16,891",0.631388488,"5,358,231",84.2,35455.66331,77.93,118294,40.6,13,4,"21,403","68,343","56,941",0.0017064,0.2997,48896
2호선,신설동,29.88353328,67956.49462,159447.9893,68663.92308,155490.1538,1.2,동대문구,용신동,0.172544891,"5,900",44.4,3,"24,762",0.627476874,"7,180,082",80.7,56891.33842,77.07,98441,32.1,11,14,"18,247","68,342","59,508",0.0048248,0.5779,48699
2호선,신정네거리,22.27529459,129404.2473,451527.4516,201218.6813,385163.022,1.9,양천구,신정동,0.151857493,5547,42.96666667,3,"25,882",0.648501606,"6,022,303",70.8,128079.4167,80.43,151382,39.5,8,6,"29,267","104,276","98,960",0.0033851,0.8461,77501
2호선,신촌,9.870748636,254702.086,2325670.441,683566.3956,1927341.549,1.3,서대문구,신촌동,0.08616717,"2,169",37.3,2,"17,908",0.631021648,"7,452,206",75.8,37801.76273,80.33,89765,28.8,19,7,"17,009","63,421","78,626",0.0016977,0.4211,53019
2호선,아현,20.78832029,122128.4624,465357.4946,187040.3297,391317.4725,0.9,마포구,아현동,0.127162225,"3,264",41.1,2,"15,878",0.656597554,"16,355,733",68.7,43632.41731,79.48,121410,36.4,11,22,"24,041","133,401","189,341",0.0014349,0.3594,115594
2호선,양천구청,21.58090938,88018.60215,319835.3978,139541.5495,269628.0769,1.7,양천구,신정7동,0.178762229,"5,153",44.3,3,"25,882",0.648501606,"6,022,303",70.8,128079.4167,80.43,151382,39.5,5,6,"29,267","104,276","98,960",0.0041096,0.8461,77501
2호선,역삼,10.73634346,296013.5807,2461103.699,1047610.385,1714042.659,1.2,강남구,역삼1동,0.131300203,"3,716",41,3,"13,616",0.660353369,"59,981,514",45.2,184499.0193,67.52,247069,30.4,7,33,"54,479","612,630","1,317,569",0.0021371,0.7468,661559
2호선,영등포구청,15.5675453,194304.7097,1053834.968,474509.5055,773546.967,0.9,영등포구,당산1동,0.166771251,"3,455",43.8,3,"16,331",0.644943875,"27,701,698",72.6,183681.3439,75.22,145699,46.6,5,19,"27,663","144,087","649,609",0.001412,1.2607,273786
2호선,왕십리(성동구청),10.18710887,100932.7957,889856.6129,301068.1868,695074.7802,0.8,성동구,행당2동,0.168542233,"3,909",43.7,1,"17,359",0.639532771,"10,503,045",69.1,59677.72459,78.71,105988,39.8,10,19,"20,293","99,430","129,927",0.0030056,0.5631,83217
2호선,용답,20.9423635,32729.1828,123553,50590.82418,104218.5824,1,성동구,사근동,0.11057554,"1,537",38.1,1,"17,359",0.639532771,"10,503,045",69.1,59677.72459,78.71,105988,39.8,3,19,"20,293","99,430","129,927",0.0009006,0.5631,83217
2호선,용두(동대문구청),33.05356713,45731.18615,92623.58193,"43,260.44","93,768.52",1.2,동대문구,용신동,0.172544891,"5,900",44.4,3,"24,762",0.627476874,"7,180,082",80.7,56891.33842,77.07,98441,32.1,7,14,"18,247","68,342","59,508",0.0048248,0.5779,48699
2호선,을지로3가,13.29299185,159766.6667,1042119.774,468573.033,708702.1209,0.8,중구,을지로동,0.246793227,481,50.3,0,"13,231",0.615770266,"48,654,807",73.1,71269.84584,75.2,58919,41.1,4,24,"10,353","150,957","853,522",0.0011717,1.2096,338277
2호선,을지로4가,23.89126263,168910.0323,538084.9677,249326,462970.1868,0.6,중구,을지로동,0.246793227,481,50.3,0,"13,231",0.615770266,"48,654,807",73.1,71269.84584,75.2,58919,41.1,6,24,"10,353","150,957","853,522",0.0011717,1.2096,338277
2호선,을지로입구,7.605479452,201767.4408,2451154.602,983541.4286,1674582.473,0.7,중구,명동,0.208267509,791,49.5,0,"13,231",0.615770266,"48,654,807",73.1,71269.84584,75.2,58919,41.1,11,24,"10,353","150,957","853,522",0.0007363,1.2096,338277
2호선,이대,10.88700826,116460.4194,953258.7957,294485.5604,797584.5934,0.8,마포구,대흥동,0.129473487,"2,073",41.7,2,"15,878",0.656597554,"16,355,733",68.7,43632.41731,79.48,121410,36.4,13,22,"24,041","133,401","189,341",0.0013226,0.3594,115594
2호선,잠실(송파구청),8.20275968,389177.703,4355295.111,"1,397,469.22","3,266,123.38",1,송파구,"잠실3,6동",0.174873598,4457.5,43.05,4,"19,599",0.658157182,"22,002,209",62.1,178618.0463,73.62,249843,42.7,9,29,"50,715","309,537","363,480",0.0000693,0.7149,241244
2호선,잠실나루,18.20655967,164387.129,738513.4301,306832.1099,608475.3187,1.8,송파구,"잠실4,6동",0.156697961,2940.5,41.8,4,"19,599",0.658157182,"22,002,209",62.1,178618.0463,73.62,249843,42.7,2,29,"50,715","309,537","363,480",0.0000512,0.7149,241244
2호선,잠실새내,15.11216381,207462.5125,1165355.538,416838.3824,931412.5735,1.2,송파구,잠실2동,0.109638348,"3,838",38.6,4,"19,599",0.658157182,"22,002,209",62.1,178618.0463,73.62,249843,42.7,8,29,"50,715","309,537","363,480",0.000052,0.7149,241244
2호선,종합운동장,12.62579188,100216.2903,693526.3225,257939.7143,542775.044,1.2,송파구,"잠실2,7동",0.170317018,3017.5,42.45,4,"19,599",0.658157182,"22,002,209",62.1,178618.0463,73.62,249843,42.7,5,29,"50,715","309,537","363,480",0.0000347,0.7149,241244
2호선,충정로(경기대입구),14.9261406,100494.3187,572782.9964,"255,331.78","413,046.21",0.8,서대문구,충현동,0.168528412,"3,470",44.1,2,"17,908",0.631021648,"7,452,206",75.8,37801.76273,80.33,89765,28.8,11,7,"17,009","63,421","78,626",0.0022826,0.4211,53019
2호선,한양대,4.351557356,25708,565069,191712.5385,445506.4505,1,성동구,행당1동,0.152346774,"2,165",42.9,1,"17,359",0.639532771,"10,503,045",69.1,59677.72459,78.71,105988,39.8,4,19,"20,293","99,430","129,927",0.0014766,0.5631,83217
2호선,합정,7.116724126,133518,1742598,595883.5495,1338451.484,2,마포구,합정동,0.153455459,"2,689",42.9,2,"15,878",0.656597554,"16,355,733",68.7,43632.41731,79.48,121410,36.4,12,22,"24,041","133,401","189,341",0.0015499,0.3594,115594
2호선,홍대입구,5.059541114,181869,3412706,1082170.11,3157871.275,1.1,마포구,서교동,0.123354839,"3,346",41.5,2,"15,878",0.656597554,"16,355,733",68.7,43632.41731,79.48,121410,36.4,8,22,"24,041","133,401","189,341",0.0011446,0.3594,115594
3호선,가락시장,25.43962302,137599.4086,403286.7849,175723.5495,355897.044,1.4,송파구,가락동,0.139772076,4010,41.05,4,"19,599",0.658157182,"22,002,209",62.1,178618.0463,73.62,249843,42.7,9,29,"50,715","309,537","363,480",0.000542,0.7149,241244
3호선,경복궁(정부서울청사),13.85818017,124229.6366,772205.7904,"473,144.86",961827.6857,1.6,종로구,사직동,0.187839532,"1,798",45.5,1,"6,431",0.624675168,"28,036,775",70.2,13516.80335,79.78,50533,30.4,8,15,"9,781","101,544","464,908",0.0008397,0.2675,192078
3호선,경찰병원,18.1737922,77515.33334,349007.2795,157938.7033,267116.6703,0.8,송파구,가락2동,0.1377349,"4,383",41.8,4,"19,599",0.658157182,"22,002,209",62.1,178618.0463,73.62,249843,42.7,6,29,"50,715","309,537","363,480",0.0009075,0.7149,241244
3호선,고속터미널,10.70474513,338899.6129,2826982.516,772809.9121,2376852.484,1.2,서초구,반포1동,0.11818992,"4,111",39.6,2,"8,858",0.669376204,"29,493,607",45.2,141363.4971,77.1,176544,31.5,8,19,"41,774","361,958","671,136",0.0011675,0.8007,358289
3호선,교대(법원.검찰청),16.8380913,152550.0256,753431.6735,236974.6071,464840.7286,1.6,서초구,서초동,0.141793483,3938.5,41.5,2,"8,858",0.669376204,"29,493,607",45.2,141363.4971,77.1,176544,31.5,11,19,"41,774","361,958","671,136",0.0006003,0.8007,358289
3호선,구파발,17.46741643,199188.7742,941156.0215,372822.4066,726081.4725,1.5,은평구,진관동,0.153644053,"8,538",42.1,4,"16,061",0.605419215,"3,929,828",83.8,56602.00712,78.76,134336,42.4,7,15,"23,632","69,683","46,686",0.0034807,0.4213,46667
3호선,금호,22.34033105,103785.0323,360778.5054,150225.6923,309383.6044,0.8,성동구,금호동3가,0.174303009,"3,945",44.3,1,"17,359",0.639532771,"10,503,045",69.1,59677.72459,78.71,105988,39.8,13,19,"20,293","99,430","129,927",0.0026844,0.5631,83217
3호선,남부터미널(예술의전당),13.88902227,183876.5749,1140022.05,703853.7976,1349829.217,0.9,서초구,서초동,0.141793483,3938.5,41.5,2,"8,858",0.669376204,"29,493,607",45.2,141363.4971,77.1,176544,31.5,12,19,"41,774","361,958","671,136",0.0006003,0.8007,358289
3호선,녹번,17.7043541,132822.957,617404.6775,265475.6923,492058.7363,1.1,은평구,녹번동,0.193811821,"7,191",45.3,4,"16,061",0.605419215,"3,929,828",83.8,56602.00712,78.76,134336,42.4,7,15,"23,632","69,683","46,686",0.0038239,0.4213,46667
3호선,대청,18.57799942,101450.957,444630.2151,194715.7143,355329.4835,0.9,강남구,일원2동,0.106178095,"3,495",44.5,3,"13,616",0.660353369,"59,981,514",45.2,184499.0193,67.52,247069,30.4,5,33,"54,479","612,630","1,317,569",0.0026063,0.7468,661559
3호선,대치,16.92685572,114709.0968,562966.0645,208937.6154,462199.967,0.8,강남구,대치2동,0.166769278,"5,186",41.5,3,"13,616",0.660353369,"59,981,514",45.2,184499.0193,67.52,247069,30.4,8,33,"54,479","612,630","1,317,569",0.0002803,0.7468,661559
3호선,도곡,14.3904686,48814.65591,290400.5377,120011.5934,228493.5495,0.9,강남구,도곡2동,0.151195765,5054,41.5,3,"13,616",0.660353369,"59,981,514",45.2,184499.0193,67.52,247069,30.4,8,33,"54,479","612,630","1,317,569",0.000163,0.7468,661559
3호선,독립문,29.87133873,139138.7204,326654.6667,138540.1429,321507.1978,1.1,종로구,무악동,0.177908113,"1,456",43.8,1,"6,431",0.624675168,"28,036,775",70.2,13516.80335,79.78,50533,30.4,11,15,"9,781","101,544","464,908",0.0013839,0.2675,192078
3호선,동대입구,11.58283467,74377.45162,567757.6881,213381.4505,428761.5604,0.9,중구,장충동,0.162734082,869,43,0,"13,231",0.615770266,"48,654,807",73.1,71269.84584,75.2,58919,41.1,6,24,"10,353","150,957","853,522",0.001243,1.2096,338277
3호선,매봉,16.49172064,105118.8817,532285.0861,253852.3516,388634.033,1.2,강남구,도곡동,0.152175961,4067.5,41.55,3,"13,616",0.660353369,"59,981,514",45.2,184499.0193,67.52,247069,30.4,6,33,"54,479","612,630","1,317,569",0.0002376,0.7468,661559
3호선,무악재,26.09982106,61129.19354,173083.8817,78386.9011,157180.978,0.9,서대문구,홍제동,0.207980044,3811,46.26666667,2,"17,908",0.631021648,"7,452,206",75.8,37801.76273,80.33,89765,28.8,3,7,"17,009","63,421","78,626",0.0022657,0.4211,53019
3호선,불광,26.26520149,292403.3118,820869.3656,344073.0549,769080.4505,1.3,은평구,불광1동,0.202886512,"7,816",46.2,4,"16,061",0.605419215,"3,929,828",83.8,56602.00712,78.76,134336,42.4,17,15,"23,632","69,683","46,686",0.0040425,0.4213,46667
3호선,수서,19.40658584,187092.9677,776976.4947,312036.4615,610895.5055,1.8,강남구,수서동,0.140687865,"4,780",52,3,"13,616",0.660353369,"59,981,514",45.2,184499.0193,67.52,247069,30.4,10,33,"54,479","612,630","1,317,569",0.0067135,0.7468,661559
3호선,신사,7.352425696,137190.2258,1728727.656,543037.8681,1314432.132,1.5,강남구,신사동,0.140534388,"3,072",44.6,3,"13,616",0.660353369,"59,981,514",45.2,184499.0193,67.52,247069,30.4,10,33,"54,479","612,630","1,317,569",0.000489,0.7468,661559
3호선,안국,14.68215112,206711.4517,1201198.398,505580.9451,923251.4835,1.1,종로구,삼청동,0.23551263,634,48.8,1,"6,431",0.624675168,"28,036,775",70.2,13516.80335,79.78,50533,30.4,11,15,"9,781","101,544","464,908",0.0003023,0.2675,192078
3호선,압구정,13.57657707,268059.7742,1706368.484,596969.3626,1403469.341,2.1,강남구,압구정동,0.133936812,"5,270",44.4,3,"13,616",0.660353369,"59,981,514",45.2,184499.0193,67.52,247069,30.4,5,33,"54,479","612,630","1,317,569",0.0003022,0.7468,661559
3호선,약수,20.11028424,157868.0645,627143.5376,254166.1868,533446.967,0.7,중구,신당동,0.164563846,"1,513",46.2,0,"13,231",0.615770266,"48,654,807",73.1,71269.84584,75.2,58919,41.1,9,24,"10,353","150,957","853,522",0.0034835,1.2096,338277
3호선,양재(서초구청),17.40250257,399923.7215,1898157.948,920974.9857,1513711.336,1.8,서초구,양재1동,0.166132479,"3,064",42.6,2,"8,858",0.669376204,"29,493,607",45.2,141363.4971,77.1,176544,31.5,10,19,"41,774","361,958","671,136",0.0017283,0.8007,358289
3호선,연신내,21.70614339,498080.6237,1796572.161,722952.4945,1566949.231,2,은평구,갈현동,0.193381345,4762.5,45.85,4,"16,061",0.605419215,"3,929,828",83.8,56602.00712,78.76,134336,42.4,13,15,"23,632","69,683","46,686",0.0035583,0.4213,46667
3호선,오금,14.43695192,51952.12903,307903.1183,135634.8571,224163.4835,0.8,송파구,오금동,0.172538793,"6,616",44.3,4,"19,599",0.658157182,"22,002,209",62.1,178618.0463,73.62,249843,42.7,6,29,"50,715","309,537","363,480",0.0025287,0.7149,241244
3호선,옥수,19.76993011,112999.9355,458574.8494,179152.3846,394076.1429,0.8,성동구,옥수동,0.161178909,"4,200",43,1,"17,359",0.639532771,"10,503,045",69.1,59677.72459,78.71,105988,39.8,4,19,"20,293","99,430","129,927",0.0018571,0.5631,83217
3호선,을지로3가,18.11418828,106971.6774,483569.1505,231496.2527,348539.4286,0.6,중구,을지로동,0.246793227,481,50.3,0,"13,231",0.615770266,"48,654,807",73.1,71269.84584,75.2,58919,41.1,4,24,"10,353","150,957","853,522",0.0011717,1.2096,338277
3호선,일원,21.37361477,115409.3656,424552.4838,170377.6703,363404.2198,1.1,강남구,일원본동,0.103821431,"3,252",41,3,"13,616",0.660353369,"59,981,514",45.2,184499.0193,67.52,247069,30.4,6,33,"54,479","612,630","1,317,569",0.0002485,0.7468,661559
3호선,잠원,19.69458114,65221.73118,265944.1398,106663.7143,219240.8791,0.9,서초구,잠원동,0.127005447,"3,404",41.2,2,"8,858",0.669376204,"29,493,607",45.2,141363.4971,77.1,176544,31.5,5,19,"41,774","361,958","671,136",0.0006475,0.8007,358289
3호선,종로3가,19.26728901,121493.8065,509076.5162,174595.5714,439711.6593,1,종로구,종로1.2.3.4가동,0.226581991,"1,998",50.9,1,"6,431",0.624675168,"28,036,775",70.2,13516.80335,79.78,50533,30.4,7,15,"9,781","101,544","464,908",0.0052802,0.2675,192078
3호선,충무로,7.097828624,3.268817204,42.78494624,10.17582418,35.32967033,0.7,중구,필동,0.196644723,926,46.5,0,"13,231",0.615770266,"48,654,807",73.1,71269.84584,75.2,58919,41.1,6,24,"10,353","150,957","853,522",0.0008155,1.2096,338277
3호선,학여울,19.27647558,29559.73118,123786.4086,45736.36264,111205.1648,0.8,강남구,대치동,0.171488228,3306.333333,40.36666667,3,"13,616",0.660353369,"59,981,514",45.2,184499.0193,67.52,247069,30.4,5,33,"54,479","612,630","1,317,569",0.0005401,0.7468,661559
3호선,홍제,25.86606393,277324.3978,794830.9892,348374.6264,730518.3077,1.6,서대문구,홍제동,0.207980044,3811,46.26666667,2,"17,908",0.631021648,"7,452,206",75.8,37801.76273,80.33,89765,28.8,6,7,"17,009","63,421","78,626",0.0022657,0.4211,53019
4호선,길음,18.097515,241615.0968,1093458.237,459489.3187,911081.6813,1.3,성북구,길음동,0.136691264,3844,40.9,3,"17,909",0.62886437,"5,217,211",79,83402.89082,81.98,122524,36,17,13,"23,526","73,061","80,520",0.0012721,0.6807,59036
4호선,남태령,18.49079609,16140.49462,71148.84947,33663.84615,50255.53846,1.6,서초구,방배동,0.1703183,3368.25,43.725,2,"8,858",0.669376204,"29,493,607",45.2,141363.4971,77.1,176544,31.5,3,19,"41,774","361,958","671,136",0.0008189,0.8007,358289
4호선,노원,13.05554955,173119.3441,1152901.774,385944.4945,952513.3407,1,노원구,상계동,0.173606444,4578.375,44.675,4,"14,530",0.614545455,"5,292,768",82,58734.25297,78.86,152486,48.4,12,16,"28,307","67,094","48,330",0.002483,0.3852,47910
4호선,당고개,24.26083663,175987.9785,549411.4839,229634.3187,498513.6703,4.4,노원구,상계동,0.173606444,4578.375,44.675,4,"14,530",0.614545455,"5,292,768",82,58734.25297,78.86,152486,48.4,5,16,"28,307","67,094","48,330",0.002483,0.3852,47910
4호선,동대문,20.9882544,285385.828,1074354.828,370498.2527,987567.0769,1.5,종로구,창신동,0.204215079,1432.333333,48.7,1,"6,431",0.624675168,"28,036,775",70.2,13516.80335,79.78,50533,30.4,4,15,"9,781","101,544","464,908",0.0027745,0.2675,192078
4호선,동대문역사문화공원(DDP),10.29223551,104952.889,914775.9044,309202.1538,709607.2336,0.7,중구,광희동,0.177336847,"1,144",46.6,0,"13,231",0.615770266,"48,654,807",73.1,71269.84584,75.2,58919,41.1,11,24,"10,353","150,957","853,522",0.0018368,1.2096,338277
4호선,동작(현충원),8.20958749,87891.58441,982705.2576,48694.9381,107544.2381,2.7,동작구,사당2동,0.196682711,"5,680",45.1,3,"24,113",0.637999816,"5,184,807",73.5,30228.83056,78.71,106503,43.3,0,17,"21,743","83,726","73,671",0.0015177,0.2838,59713
4호선,명동,6.69597178,133223.6989,1856385.925,563857.6923,1431521.802,0.7,중구,명동,0.208267509,791,49.5,0,"13,231",0.615770266,"48,654,807",73.1,71269.84584,75.2,58919,41.1,5,24,"10,353","150,957","853,522",0.0007363,1.2096,338277
4호선,미아(서울사이버대학),21.67912234,288297.7715,1041542.833,339890.7024,692485.2024,1.4,강북구,미아동,0.209601391,"4,580",47.1,3,"12,820",0.582615605,"2,830,150",88.7,44374.61499,81.46,75186,32.5,9,11,"12,617","36,301","23,535",0.0043744,0.5902,24151
4호선,미아사거리,20.35778109,350511.4947,1371245.376,550464.7802,1197821.868,1.5,강북구,미아동,0.209601391,"4,580",47.1,3,"12,820",0.582615605,"2,830,150",88.7,44374.61499,81.46,75186,32.5,13,11,"12,617","36,301","23,535",0.0043744,0.5902,24151
4호선,사당,11.60314598,176544.3763,1344977.258,488222.3187,1049898.033,1.1,동작구,사당동,0.18025407,3828.6,44.18,3,"24,113",0.637999816,"5,184,807",73.5,30228.83056,78.71,106503,43.3,14,17,"21,743","83,726","73,671",0.0014935,0.2838,59713
4호선,삼각지,17.85291599,54862.44086,252439.9678,112742.4286,198974.7802,1.2,용산구,한강로동,0.142106623,"3,300",43,1,"10,852",0.631916151,"10,308,398",64.1,20454.46463,79.97,75701,29.8,3,18,"17,310","140,306","296,227",0.0018494,0.2702,151281
4호선,상계,19.52149889,222696.3978,918078.6989,381508.6703,769576.1538,1.2,노원구,상계5동,0.214786809,"5,113",47.2,4,"14,530",0.614545455,"5,292,768",82,58734.25297,78.86,152486,48.4,12,16,"28,307","67,094","48,330",0.0040859,0.3852,47910
4호선,서울역,9.126027055,85466.01075,851042.3979,329034.6264,585281.4945,0.9,중구,소곡동,0.088843577,305,41.4,0,"13,231",0.615770266,"48,654,807",73.1,71269.84584,75.2,58919,41.1,5,24,"10,353","150,957","853,522",0.0003879,1.2096,338277
4호선,성신여대입구(돈암),13.00193332,187856.3771,1256977.806,429942.4476,1005254.024,1.4,성북구,동선동,0.142361756,"2,299",41,3,"17,909",0.62886437,"5,217,211",79,83402.89082,81.98,122524,36,8,13,"23,526","73,061","80,520",0.0010516,0.6807,59036
4호선,수유(강북구청),18.42970293,412766.2259,1826912.989,730892.4945,1563163.363,1.5,강북구,수유동,0.218829834,4768,47.26666667,3,"12,820",0.582615605,"2,830,150",88.7,44374.61499,81.46,75186,32.5,10,11,"12,617","36,301","23,535",0.0052698,0.5902,24151
4호선,숙대입구(갈월),11.34335694,99557.37434,778113.8023,316236.0595,642362.6833,1,용산구,남영동,0.207429536,"1,597",49.7,1,"10,852",0.631916151,"10,308,398",64.1,20454.46463,79.97,75701,29.8,14,18,"17,310","140,306","296,227",0.0062024,0.2702,151281
4호선,신용산,10.94604465,96553.08603,785528.8817,315811.7143,546360.0879,0.7,용산구,한강로동,0.142106623,"3,300",43,1,"10,852",0.631916151,"10,308,398",64.1,20454.46463,79.97,75701,29.8,8,18,"17,310","140,306","296,227",0.0018494,0.2702,151281
4호선,쌍문,17.81406322,311854.5806,1438754.344,579914.6264,1174599.143,1.3,도봉구,쌍문동,0.202659874,3855.5,46.225,3,"15,465",0.593927881,"2,816,851",85.5,48513.31047,81.56,95742,37.9,4,8,"16,931","38,371","27,577",0.0029382,0.5067,27626
4호선,이촌(국립중앙박물관),16.17867579,91481.03254,473960.9958,176118.8143,388000.45,2.1,용산구,한강로동,0.142106623,"3,300",43,1,"10,852",0.631916151,"10,308,398",64.1,20454.46463,79.97,75701,29.8,2,18,"17,310","140,306","296,227",0.0018494,0.2702,151281
4호선,창동,22.14047451,374417.086,1316680.753,524417.6703,1178248.165,1.3,도봉구,창동,0.189007809,4401.4,45.52,3,"15,465",0.593927881,"2,816,851",85.5,48513.31047,81.56,95742,37.9,6,8,"16,931","38,371","27,577",0.00261,0.5067,27626
4호선,총신대입구(이수),21.32854116,285625.2549,1053543.949,422029.3167,921097.8167,1.4,동작구,"사당1,2동",0.180276839,4745,44.3,3,"24,113",0.637999816,"5,184,807",73.5,30228.83056,78.71,106503,43.3,9,17,"21,743","83,726","73,671",0.0017689,0.2838,59713
4호선,충무로,13.73850015,238896.086,1499984.312,613670.7912,1142388.451,1.8,중구,필동,0.196644723,926,46.5,0,"13,231",0.615770266,"48,654,807",73.1,71269.84584,75.2,58919,41.1,7,24,"10,353","150,957","853,522",0.0008155,1.2096,338277
4호선,한성대입구(삼선교),16.07488971,150683.3542,786700.0861,284375.0619,652678.4833,1.3,성북구,삼선동,0.171417532,"3,993",44.1,3,"17,909",0.62886437,"5,217,211",79,83402.89082,81.98,122524,36,12,13,"23,526","73,061","80,520",0.0019862,0.6807,59036
4호선,혜화,10.89206586,249668.258,2042534.72,633974.9451,1675565.385,1,종로구,혜화동,0.141698922,"2,709",42.1,1,"6,431",0.624675168,"28,036,775",70.2,13516.80335,79.78,50533,30.4,7,15,"9,781","101,544","464,908",0.0025528,0.2675,192078
4호선,회현(남대문시장),22.08742643,384504.8784,1356326.628,512861.8619,1199896.543,0.9,중구,회현동,0.258895478,"1,397",51.2,0,"13,231",0.615770266,"48,654,807",73.1,71269.84584,75.2,58919,41.1,5,24,"10,353","150,957","853,522",0.0036656,1.2096,338277
5호선,강동,17.40259076,184166.6237,874104.6774,374326.7802,675716.4066,0.8,강동구,성내2동,0.186026936,"4,420",45.8,3,"18,970",0.635355052,"7,424,711",75.7,48154.79126,78.63,152283,38.2,6,13,"27,354","117,372","99,745",0.0020616,0.3162,81490
5호선,강일,26.34313566,48547.7647,135742.2353,65125.11765,119164.8824,0.8,강동구,강일동,0.168640926,4170.058824,42.3,3,"18,970",0.635355052,"7,424,711",75.7,48154.79126,78.63,152283,38.2,6,13,"27,354","117,372","99,745",0.0049657,0.3162,81490
5호선,개롱,22.16893325,86502.98924,303696.1613,135823.2088,253149.1319,0.9,송파구,오금동,0.172538793,"6,616",44.3,4,"19,599",0.658157182,"22,002,209",62.1,178618.0463,73.62,249843,42.7,5,29,"50,715","309,537","363,480",0.0025287,0.7149,241244
5호선,개화산,20.95681929,67570.94623,254858.4516,117379.5604,205070.6703,0.9,강서구,방화2동,0.210935839,"4,961",46.3,4,"13,986",0.643029414,"10,739,720",81.1,690250.1238,75.53,207008,36.1,3,23,"35,002","115,943","143,479",0.003033,3.3344,98141
5호선,거여,23.8742216,101448.4731,323480.4516,150925.5055,272560.3846,0.9,송파구,거여동,0.186243523,3273.5,45,4,"19,599",0.658157182,"22,002,209",62.1,178618.0463,73.62,249843,42.7,8,29,"50,715","309,537","363,480",0.0010737,0.7149,241244
5호선,고덕,22.16175549,116941.7097,410731.785,169193.8901,350586.2088,1.2,강동구,고덕1동,0.121955296,"2,919",39.7,3,"18,970",0.635355052,"7,424,711",75.7,48154.79126,78.63,152283,38.2,7,13,"27,354","117,372","99,745",0.000685,0.3162,81490
5호선,공덕,10.54796625,83191.82796,705508.344,322988.5385,460267.8901,0.8,마포구,공덕동,0.160244161,"6,038",43.8,2,"15,878",0.656597554,"16,355,733",68.7,43632.41731,79.48,121410,36.4,13,22,"24,041","133,401","189,341",0.0031518,0.3594,115594
5호선,광나루(장신대),15.68165382,125082.8554,672555.3072,274426.481,532199.419,1.5,광진구,광장동,0.112794369,"3,894",39.8,2,"20,666",0.650722907,"5,970,256",76.9,64470.5604,83,99327,35.7,8,11,"18,753","74,985","75,468",0.0007808,0.6491,56402
5호선,광화문(세종문화회관),7.789158805,160903.2536,1904830.128,834920.0976,1229404.264,1.1,종로구,청운효자동,0.181128615,"2,173",44.4,1,"6,431",0.624675168,"28,036,775",70.2,13516.80335,79.78,50533,30.4,10,15,"9,781","101,544","464,908",0.0015384,0.2675,192078
5호선,군자(능동),11.23687061,76894.95482,607414.3826,233961.481,447221.3357,1.5,광진구,군자동,0.144488997,"3,099",43,2,"20,666",0.650722907,"5,970,256",76.9,64470.5604,83,99327,35.7,8,11,"18,753","74,985","75,468",0.0026534,0.6491,56402
5호선,굽은다리(강동구민회관앞),21.12763862,118879.7464,443794.3344,184439.1333,376624.4071,0.8,강동구,명일1동,0.162029143,"4,181",42.6,3,"18,970",0.635355052,"7,424,711",75.7,48154.79126,78.63,152283,38.2,6,13,"27,354","117,372","99,745",0.0008313,0.3162,81490
5호선,길동,27.29389143,122468.043,326233.2473,148645.7033,301071.022,0.9,강동구,길동,0.181135298,"8,271",45.1,3,"18,970",0.635355052,"7,424,711",75.7,48154.79126,78.63,152283,38.2,4,13,"27,354","117,372","99,745",0.0036289,0.3162,81490
5호선,김포공항,13.61514699,58906.2043,373745.7849,121672.3626,307397.7473,1.2,강서구,방화2동,0.210935839,"4,961",46.3,4,"13,986",0.643029414,"10,739,720",81.1,690250.1238,75.53,207008,36.1,3,23,"35,002","115,943","143,479",0.003033,3.3344,98141
5호선,까치산,17.66550261,295590.6989,1377674.452,572820.9121,1099001.769,1.2,강서구,화곡동,0.17122494,5367,44.1,4,"13,986",0.643029414,"10,739,720",81.1,690250.1238,75.53,207008,36.1,8,23,"35,002","115,943","143,479",0.002412,3.3344,98141
5호선,답십리,17.45150695,154270.828,729726.3441,329151.3626,556892.4396,1,성동구,용답동,0.17578251,"2,179",45.8,1,"17,359",0.639532771,"10,503,045",69.1,59677.72459,78.71,105988,39.8,6,19,"20,293","99,430","129,927",0.0032045,0.5631,83217
5호선,동대문역사문화공원(DDP),10.62851998,17517.15706,147295.6024,78533.48248,88423.53476,0.9,중구,광희동,0.177336847,"1,144",46.6,0,"13,231",0.615770266,"48,654,807",73.1,71269.84584,75.2,58919,41.1,9,24,"10,353","150,957","853,522",0.0018368,1.2096,338277
5호선,둔촌동,22.16464007,127463.9355,447613.914,207384.022,397917.8242,1.2,강동구,둔촌동,0.226155075,"4,225",44.1,3,"18,970",0.635355052,"7,424,711",75.7,48154.79126,78.63,152283,38.2,9,13,"27,354","117,372","99,745",0.0011882,0.3162,81490
5호선,마곡,13.71603441,52749.88172,331835.6344,140935.2637,218625.6813,1.1,강서구,가양1동,0.092724265,"3,195",39.4,4,"13,986",0.643029414,"10,739,720",81.1,690250.1238,75.53,207008,36.1,10,23,"35,002","115,943","143,479",0.0005484,3.3344,98141
5호선,마장,23.21743518,79160,261790.6666,116439,226472.3516,0.7,성동구,마장동,0.176414106,"4,042",44.2,1,"17,359",0.639532771,"10,503,045",69.1,59677.72459,78.71,105988,39.8,9,19,"20,293","99,430","129,927",0.0029253,0.5631,83217
5호선,마천,30.21685602,97600.62365,225399.9678,111755.2527,216944.3626,0.9,송파구,마천1동,0.226033561,"4,270",47.8,4,"19,599",0.658157182,"22,002,209",62.1,178618.0463,73.62,249843,42.7,4,29,"50,715","309,537","363,480",0.0025822,0.7149,241244
5호선,마포,14.82518051,119473.3656,686407.9893,317556.7143,495581.2088,1.8,마포구,도화동,0.17690024,"3,754",44.3,2,"15,878",0.656597554,"16,355,733",68.7,43632.41731,79.48,121410,36.4,16,22,"24,041","133,401","189,341",0.0013774,0.3594,115594
5호선,명일,24.91296858,120634.6882,363589.7742,159610.7802,329289.6703,0.8,강동구,명일1동,0.162029143,"4,181",42.6,3,"18,970",0.635355052,"7,424,711",75.7,48154.79126,78.63,152283,38.2,14,13,"27,354","117,372","99,745",0.0008313,0.3162,81490
5호선,목동,15.15665921,161650.9677,904883.3225,366327.3956,700420.9231,0.8,양천구,목동,0.132936777,3882.8,41.68,3,"25,882",0.648501606,"6,022,303",70.8,128079.4167,80.43,151382,39.5,10,6,"29,267","104,276","98,960",0.0016632,0.8461,77501
5호선,발산,14.58165219,141964.7957,831620.3226,324042.3956,595233.4396,1.2,강서구,우장산동,0.140546857,"6,014",41.3,4,"13,986",0.643029414,"10,739,720",81.1,690250.1238,75.53,207008,36.1,14,23,"35,002","115,943","143,479",0.0012396,3.3344,98141
5호선,방이,19.85191363,82982.88172,335026.6022,141918.6484,272330.6703,0.8,송파구,방이1동,0.147004165,"2,294",42.5,4,"19,599",0.658157182,"22,002,209",62.1,178618.0463,73.62,249843,42.7,6,29,"50,715","309,537","363,480",0.0005168,0.7149,241244
5호선,방화,22.54894359,91527.4301,314378.1935,135343.6044,272370.2857,0.98,강서구,방화3동,0.237285155,"5,398",47.8,4,"13,986",0.643029414,"10,739,720",81.1,690250.1238,75.53,207008,36.1,8,23,"35,002","115,943","143,479",0.0040655,3.3344,98141
5호선,상일동,19.01955914,133688.0538,569209.6989,265943.3407,433938.1978,1.1,강동구,상일동,0.136293876,3219,39.9,3,"18,970",0.635355052,"7,424,711",75.7,48154.79126,78.63,152283,38.2,7,13,"27,354","117,372","99,745",0.0012026,0.3162,81490
5호선,서대문,12.65652103,126719.8172,874501.7419,443529.8352,552635.1429,0.7,서대문구,충현동,0.168528412,"3,470",44.1,2,"17,908",0.631021648,"7,452,206",75.8,37801.76273,80.33,89765,28.8,20,7,"17,009","63,421","78,626",0.0022826,0.4211,53019
5호선,송정,23.0914547,111831.4086,372466.3978,162689.7582,331539.0769,1.2,강서구,공항동,0.139910457,"4,375",41,4,"13,986",0.643029414,"10,739,720",81.1,690250.1238,75.53,207008,36.1,6,23,"35,002","115,943","143,479",0.0031634,3.3344,98141
5호선,신금호,20.95053535,75377.74193,284411.3549,124015.3846,226418.1429,0.9,성동구,금호동1가,0.177789501,"2,696",44.2,1,"17,359",0.639532771,"10,503,045",69.1,59677.72459,78.71,105988,39.8,14,19,"20,293","99,430","129,927",0.0026949,0.5631,83217
5호선,신길,11.10171016,23032.76344,184437.6452,86173.85714,119565.5824,1.1,영등포구,영동포동,0.15083474,"3,407",40.2,3,"16,331",0.644943875,"27,701,698",72.6,183681.3439,75.22,145699,46.6,3,19,"27,663","144,087","649,609",0.0040572,1.2607,273786
5호선,신정(은행정),14.71792039,109690.691,635595.926,284289.0333,"467,154.26",1.3,양천구,신정4동,0.180551393,"6,025",45,3,"25,882",0.648501606,"6,022,303",70.8,128079.4167,80.43,151382,39.5,2,6,"29,267","104,276","98,960",0.0040566,0.8461,77501
5호선,아차산(어린이대공원후문),20.17653195,175079.6145,692659.276,286829.9,581826.8643,1,광진구,구의2동,0.166853262,"4,471",44.1,2,"20,666",0.650722907,"5,970,256",76.9,64470.5604,83,99327,35.7,7,11,"18,753","74,985","75,468",0.0032613,0.6491,56402
5호선,애오개,18.17175613,72581.26882,326836.7527,153629.3956,241130.956,1.1,마포구,아현동,0.127162225,"3,264",41.1,2,"15,878",0.656597554,"16,355,733",68.7,43632.41731,79.48,121410,36.4,3,22,"24,041","133,401","189,341",0.0014349,0.3594,115594
5호선,양평,14.32316053,53424.16129,319567.2688,160960.3297,210592.1868,1,영등포구,양평1동,0.130462725,"2,436",40.7,3,"16,331",0.644943875,"27,701,698",72.6,183681.3439,75.22,145699,46.6,3,19,"27,663","144,087","649,609",0.0007792,1.2607,273786
5호선,여의나루,8.214479442,56516.75269,631497.0538,248293.8352,424643.2527,1,영등포구,여의도동,0.191300408,"6,333",44.4,3,"16,331",0.644943875,"27,701,698",72.6,183681.3439,75.22,145699,46.6,5,19,"27,663","144,087","649,609",0.000335,1.2607,273786
5호선,여의도,7.003117344,98049.37634,1302032.495,673503.4396,724633.5055,1,영등포구,여의도동,0.191300408,"6,333",44.4,3,"16,331",0.644943875,"27,701,698",72.6,183681.3439,75.22,145699,46.6,3,19,"27,663","144,087","649,609",0.000335,1.2607,273786
5호선,영등포구청,18.22935365,37258.46236,167128.7204,80860.01099,122412.4725,0.8,영등포구,당산1동,0.166771251,"3,455",43.8,3,"16,331",0.644943875,"27,701,698",72.6,183681.3439,75.22,145699,46.6,7,19,"27,663","144,087","649,609",0.001412,1.2607,273786
5호선,영등포시장,25.55943373,140478.5807,409136.8064,186832.5055,348215.8242,0.9,영등포구,영등포동,0.15083474,"3,407",40.2,3,"16,331",0.644943875,"27,701,698",72.6,183681.3439,75.22,145699,46.6,5,19,"27,663","144,087","649,609",0.0040572,1.2607,273786
5호선,오금,16.52411655,34573.46236,174656.8602,83340.2967,127411.6044,0.9,송파구,오금동,0.172538793,"6,616",44.3,4,"19,599",0.658157182,"22,002,209",62.1,178618.0463,73.62,249843,42.7,6,29,"50,715","309,537","363,480",0.0025287,0.7149,241244
5호선,오목교(목동운동장앞),10.75952259,159369.7633,1321827.585,484097.0405,1009099.16,0.9,양천구,목1동,0.11086836,"3,400",39.5,3,"25,882",0.648501606,"6,022,303",70.8,128079.4167,80.43,151382,39.5,12,6,"29,267","104,276","98,960",0.0007961,0.8461,77501
5호선,올림픽공원(한국체대),16.69115838,62374.96988,311325.6953,"109,022.66",260573.6167,1.4,송파구,방이동,0.139989858,2931,42.35,4,"19,599",0.658157182,"22,002,209",62.1,178618.0463,73.62,249843,42.7,4,29,"50,715","309,537","363,480",0.0009713,0.7149,241244
5호선,왕십리(성동구청),15.41773544,47157.87097,258709.8172,98383.10989,209287.2418,0.9,성동구,행당2동,0.168542233,"3,909",43.7,1,"17,359",0.639532771,"10,503,045",69.1,59677.72459,78.71,105988,39.8,13,19,"20,293","99,430","129,927",0.0030056,0.5631,83217
5호선,우장산,18.8194963,163242.3871,704168.6452,293628.8462,576831.1429,1.1,강서구,우장산동,0.140546857,"6,014",41.3,4,"13,986",0.643029414,"10,739,720",81.1,690250.1238,75.53,207008,36.1,8,23,"35,002","115,943","143,479",0.0012396,3.3344,98141
5호선,을지로4가,26.28970354,82032.55914,230000.4732,117955.3736,193046.8791,1,중구,을지로동,0.246793227,481,50.3,0,"13,231",0.615770266,"48,654,807",73.1,71269.84584,75.2,58919,41.1,7,24,"10,353","150,957","853,522",0.0011717,1.2096,338277
5호선,장한평,17.25586477,179518.0215,860812.4624,397785.3407,645027.2198,1.2,동대문구,장안동,0.16767,5998,43.65,1,"17,359",0.639532771,"10,503,045",69.1,59677.72459,78.71,105988,39.8,6,19,"18,247","68,342","59,508",0.0042878,0.5631,48699
5호선,종로3가,26.24849834,217239.2473,610386.1828,219220.4725,590919.1978,1.2,종로구,종로1.2.3.4가동,0.226581991,"1,998",50.9,1,"6,431",0.624675168,"28,036,775",70.2,13516.80335,79.78,50533,30.4,4,15,"9,781","101,544","464,908",0.0052802,0.2675,192078
5호선,천호(풍납토성),22.63769164,279957.6844,956730.6175,345470.0405,899134.6905,2,강동구,천호동,0.184499001,5359.5,45.05,3,"18,970",0.635355052,"7,424,711",75.7,48154.79126,78.63,152283,38.2,7,13,"27,354","117,372","99,745",0.003773,0.3162,81490
5호선,청구,20.18468382,45166.52688,178599.8065,75904.72527,149116.7253,0.9,중구,신당동,0.164563846,"1,513",46.2,0,"13,231",0.615770266,"48,654,807",73.1,71269.84584,75.2,58919,41.1,4,24,"10,353","150,957","853,522",0.0034835,1.2096,338277
5호선,충정로(경기대입구),12.01486049,31928.54338,233813.5633,109132.75,160160.7024,0.9,서대문구,충현동,0.168528412,"3,470",44.1,2,"17,908",0.631021648,"7,452,206",75.8,37801.76273,80.33,89765,28.8,13,7,"17,009","63,421","78,626",0.0022826,0.4211,53019
5호선,행당,19.57286536,88433.12903,363381.8065,160847.6923,289840.978,0.9,성동구,행당2동,0.168542233,"3,909",43.7,1,"17,359",0.639532771,"10,503,045",69.1,59677.72459,78.71,105988,39.8,5,19,"20,293","99,430","129,927",0.0030056,0.5631,83217
5호선,화곡,16.35921792,265017.172,1354969.634,562996.3407,1048907.615,1,강서구,화곡3동,0.193366593,"4,186",44.8,4,"13,986",0.643029414,"10,739,720",81.1,690250.1238,75.53,207008,36.1,9,23,"35,002","115,943","143,479",0.0012093,3.3344,98141
6호선,고려대(종암),12.47350283,68663.12772,481808.77,185140.2095,365497.7238,0.8,성북구,종암동,0.171389374,"6,871",44.1,3,"24,762",0.627476874,"7,180,082",80.7,56891.33842,77.07,98441,32.1,6,14,"23,526","73,061","80,520",0.0032169,0.5779,59036
6호선,공덕,13.3595041,134796.6882,874198.0107,380386.5495,625582.5934,0.9,마포구,공덕동,0.160244161,"6,038",43.8,2,"15,878",0.656597554,"16,355,733",68.7,43632.41731,79.48,121410,36.4,18,22,"24,041","133,401","189,341",0.0031518,0.3594,115594
6호선,광흥창(서강),20.14938701,108271.1229,429070.8958,188577.45,346452.519,0.9,마포구,서강동,0.12832618,"3,289",41.1,2,"15,878",0.656597554,"16,355,733",68.7,43632.41731,79.48,121410,36.4,19,22,"24,041","133,401","189,341",0.0009474,0.3594,115594
6호선,구산,25.72055847,102473.6559,295937.8172,135390.3846,262667.1099,0.9,은평구,대조동,0.193285672,"5,245",45.5,4,"16,061",0.605419215,"3,929,828",83.8,56602.00712,78.76,134336,42.4,7,15,"23,632","69,683","46,686",0.0034872,0.4213,46667
6호선,녹사평(용산구청),10.00690569,37122.97849,333850.6236,114551.7802,265287.8132,1.1,용산구,용산2가동,0.194541176,"2,067",47,1,"10,852",0.631916151,"10,308,398",64.1,20454.46463,79.97,75701,29.8,4,18,"17,310","140,306","296,227",0.0027291,0.2702,151281
6호선,대흥(서강대앞),17.28245561,87605.10724,419296.8585,171549.3429,334799.7357,1,마포구,대흥동,0.129473487,"2,073",41.7,2,"15,878",0.656597554,"16,355,733",68.7,43632.41731,79.48,121410,36.4,11,22,"24,041","133,401","189,341",0.0013226,0.3594,115594
6호선,독바위,24.98862471,42901.51613,128782.6667,56208.34066,115607.2088,0.9,은평구,불광1동,0.202886512,"7,816",46.2,4,"16,061",0.605419215,"3,929,828",83.8,56602.00712,78.76,134336,42.4,4,15,"23,632","69,683","46,686",0.0040425,0.4213,46667
6호선,돌곶이,22.32348197,112519.2473,391520.6129,172725.5714,338057.9231,0.8,성북구,장위동,0.177566541,2657.5,44.4,3,"17,909",0.62886437,"5,217,211",79,83402.89082,81.98,122524,36,6,13,"23,526","73,061","80,520",0.0019161,0.6807,59036
6호선,동묘앞,24.00045006,125094.5806,396123.0645,141969.7253,376345.4615,0.6,종로구,창신동,0.204215079,1432.333333,48.7,1,"6,431",0.624675168,"28,036,775",70.2,13516.80335,79.78,50533,30.4,7,15,"9,781","101,544","464,908",0.0027745,0.2675,192078
6호선,디지털미디어시티,13.1068415,106330.3764,704928.2043,345085.1978,479560.6154,1.1,마포구,상암동,0.133883025,"4,173",41,4,"16,061",0.605419215,"3,929,828",83.8,56602.00712,78.76,134336,42.4,5,15,"24,041","133,401","189,341",0.003338,0.4213,115594
6호선,마포구청,18.98716908,145140.4194,619272.7419,265391.6593,492946.7912,0.8,마포구,성산동,0.157927374,4687,43.05,2,"15,878",0.656597554,"16,355,733",68.7,43632.41731,79.48,121410,36.4,6,22,"24,041","133,401","189,341",0.0038035,0.3594,115594
6호선,망원,19.46437035,162055.5484,670519.7957,248373.0769,566943.8242,1,마포구,서교동,0.123354839,"3,346",41.5,2,"15,878",0.656597554,"16,355,733",68.7,43632.41731,79.48,121410,36.4,7,22,"24,041","133,401","189,341",0.0011446,0.3594,115594
6호선,버티고개,21.91198119,28996.49462,103335.1936,43911.73626,89363.73626,1,중구,신당동,0.164563846,"1,513",46.2,0,"13,231",0.615770266,"48,654,807",73.1,71269.84584,75.2,58919,41.1,4,24,"10,353","150,957","853,522",0.0034835,1.2096,338277
6호선,보문,14.52910625,62079.10752,365194.9893,150975.0549,280661.4945,0.8,성북구,보문동,0.151806072,"2,530",43.1,3,"17,909",0.62886437,"5,217,211",79,83402.89082,81.98,122524,36,6,13,"23,526","73,061","80,520",0.0011159,0.6807,59036
6호선,봉화산(서울의료원),18.68988154,97091.98925,422397.6021,184771.2967,331686.5495,0.7,중랑구,신내동,0.193949713,5579.5,45.2,3,"21,188",0.601979734,"4,013,154",87.6,60552.00829,79.16,115462,38,6,16,"18,874","47,738","32,233",0.0046502,0.5244,32948
6호선,불광,23.72334479,71045.44086,228429.3655,88611.36264,211948.9341,0.9,은평구,대조동,0.193285672,"5,245",45.5,4,"16,061",0.605419215,"3,929,828",83.8,56602.00712,78.76,134336,42.4,14,15,"23,632","69,683","46,686",0.0034872,0.4213,46667
6호선,삼각지,8.816557649,31986.37635,330812.5484,125060.8462,239502.2308,1.2,용산구,한강로동,0.142106623,"3,300",43,1,"10,852",0.631916151,"10,308,398",64.1,20454.46463,79.97,75701,29.8,4,18,"17,310","140,306","296,227",0.0018494,0.2702,151281
6호선,상수,6.869331664,43114.1828,584518.6774,172070.9121,453342.8242,0.8,마포구,서강동,0.12832618,"3,289",41.1,2,"15,878",0.656597554,"16,355,733",68.7,43632.41731,79.48,121410,36.4,11,22,"24,041","133,401","189,341",0.0009474,0.3594,115594
6호선,상월곡(한국과학기술연구원),20.74539617,74363.43735,284094.1055,123661.9643,237067.85,0.8,성북구,월곡2동,0.184640194,"3,664",44.4,3,"17,909",0.62886437,"5,217,211",79,83402.89082,81.98,122524,36,13,13,"23,526","73,061","80,520",0.0017175,0.6807,59036
6호선,새절(신사),21.19218804,165565.8898,615693.1736,260779.5976,515745.1167,0.9,은평구,신사동,0.191469187,4474,45.55,4,"16,061",0.605419215,"3,929,828",83.8,56602.00712,78.76,134336,42.4,12,15,"23,632","69,683","46,686",0.0024247,0.4213,46667
6호선,석계,19.27520363,145339.9785,608685.6666,246593.2857,509924.3626,1,노원구,월계동,0.209891708,5243,45.4,4,"14,530",0.614545455,"5,292,768",82,58734.25297,78.86,152486,48.4,15,16,"28,307","67,094","48,330",0.0029478,0.3852,47910
6호선,신내,3.333333333,0.21875,6.34375,2.4375,4.125,1.2,중랑구,신내동,0.193949713,5579.5,45.2,3,"21,188",0.601979734,"4,013,154",87.6,60552.00829,79.16,115462,38,13,16,"18,874","47,738","32,233",0.0046502,0.5244,32948
6호선,신당,14.24863185,70375.90323,423537.5054,148538.2967,339070.9451,0.7,중구,신당동,0.164563846,"1,513",46.2,0,"13,231",0.615770266,"48,654,807",73.1,71269.84584,75.2,58919,41.1,5,24,"10,353","150,957","853,522",0.0034835,1.2096,338277
6호선,안암(고대병원앞),7.953987036,61974.25061,717185.3121,217220.0452,555617.7976,0.9,성북구,안암동,0.126070632,"2,149",40.3,3,"17,909",0.62886437,"5,217,211",79,83402.89082,81.98,122524,36,6,13,"23,526","73,061","80,520",0.0011068,0.6807,59036
6호선,약수,20.63636405,43556.91398,167511.828,70635.43956,138864.967,0.7,중구,신당동,0.164563846,"1,513",46.2,0,"13,231",0.615770266,"48,654,807",73.1,71269.84584,75.2,58919,41.1,9,24,"10,353","150,957","853,522",0.0034835,1.2096,338277
6호선,역촌,26.80031691,65049.11828,177668.6022,81221.35165,158563.7582,0.9,은평구,녹번동,0.193811821,"7,191",45.3,4,"16,061",0.605419215,"3,929,828",83.8,56602.00712,78.76,134336,42.4,8,15,"23,632","69,683","46,686",0.0038239,0.4213,46667
6호선,연신내,5.999999999,1.258064516,19.70967742,5.681318681,15.26373626,0.9,은평구,갈현동,0.193381345,4762.5,45.85,4,"16,061",0.605419215,"3,929,828",83.8,56602.00712,78.76,134336,42.4,13,15,"23,632","69,683","46,686",0.0035583,0.4213,46667
6호선,월곡(동덕여대),19.17019222,138490.2904,583934.8621,239041.4119,483540.3119,1.4,성북구,월곡1동,0.183141298,"4,832",44.3,3,"17,909",0.62886437,"5,217,211",79,83402.89082,81.98,122524,36,6,13,"23,526","73,061","80,520",0.0023375,0.6807,59036
6호선,월드컵경기장(성산),25.36645874,109863.2307,323241.0977,113237.2976,316913.3571,0.8,마포구,성산2동,0.159945798,"6,374",42.7,2,"15,878",0.656597554,"16,355,733",68.7,43632.41731,79.48,121410,36.4,3,22,"24,041","133,401","189,341",0.0060078,0.3594,115594
6호선,응암,21.10045188,214359.4839,801540.4839,341397.7143,669503.5495,0.9,은평구,신사1동,0.187834892,"5,083",45.3,4,"16,061",0.605419215,"3,929,828",83.8,56602.00712,78.76,134336,42.4,7,15,"23,632","69,683","46,686",0.0024028,0.4213,46667
6호선,이태원,7.232833614,66597.19355,854164.9462,233682.1099,680388.1758,0.8,용산구,이태원동,0.175460239,"1,849",47.1,1,"10,852",0.631916151,"10,308,398",64.1,20454.46463,79.97,75701,29.8,8,18,"17,310","140,306","296,227",0.0011458,0.2702,151281
6호선,증산(명지대앞),22.29694881,134424.9825,468460.1193,200719.6119,402982.0929,0.9,은평구,증산동,0.191014348,"3,448",45,4,"16,061",0.605419215,"3,929,828",83.8,56602.00712,78.76,134336,42.4,8,15,"23,632","69,683","46,686",0.0014867,0.4213,46667
6호선,창신,17.96447454,33641.67742,153626.129,68497.62637,116285.6923,0.9,종로구,창신동,0.204215079,1432.333333,48.7,1,"6,431",0.624675168,"28,036,775",70.2,13516.80335,79.78,50533,30.4,8,15,"9,781","101,544","464,908",0.0027745,0.2675,192078
6호선,청구,17.93308346,40240.6129,184152.5484,82485.7033,139947.6264,0.8,중구,신당동,0.164563846,"1,513",46.2,0,"13,231",0.615770266,"48,654,807",73.1,71269.84584,75.2,58919,41.1,5,24,"10,353","150,957","853,522",0.0034835,1.2096,338277
6호선,태릉입구,16.76461421,57463.45161,285302.8709,106239.6044,231688.5055,0.8,노원구,공릉동,0.157613898,6234.5,42.6,4,"14,530",0.614545455,"5,292,768",82,58734.25297,78.86,152486,48.4,8,16,"28,307","67,094","48,330",0.0033854,0.3852,47910
6호선,한강진,5.962539162,28816.63441,454478.043,152685.989,310935.8242,1,용산구,한남동,0.169944683,"3,871",45.3,1,"10,852",0.631916151,"10,308,398",64.1,20454.46463,79.97,75701,29.8,3,18,"17,310","140,306","296,227",0.002684,0.2702,151281
6호선,합정,9.161112261,73815.88172,731936.5162,242032.5934,544213.8132,0.8,마포구,합정동,0.153455459,"2,689",42.9,2,"15,878",0.656597554,"16,355,733",68.7,43632.41731,79.48,121410,36.4,11,22,"24,041","133,401","189,341",0.0015499,0.3594,115594
6호선,화랑대(서울여대입구),12.67217918,83855.67772,577874.8465,243065.1048,417555.15,0.9,노원구,공릉2동,0.135685019,"5,762",40.9,4,"14,530",0.614545455,"5,292,768",82,58734.25297,78.86,152486,48.4,7,16,"28,307","67,094","48,330",0.001915,0.3852,47910
6호선,효창공원앞,18.94117796,75589.51613,323485.5376,142799.1648,263002.8132,0.9,용산구,효창동,0.182555781,"2,160",42.2,1,"10,852",0.631916151,"10,308,398",64.1,20454.46463,79.97,75701,29.8,9,18,"17,310","140,306","296,227",0.0005954,0.2702,151281
7호선,가산디지털단지,6.453841422,147265.2366,2134557.742,1066040.319,1235289.418,0.8,금천구,가산동,0.105128302,"2,790",40.5,1,"18,808",0.630151009,"15,004,950",89,38738.94453,81.25,90927,33.1,22,4,"15,509","48,568","121,801",0.0032377,0.426,61959
7호선,강남구청,10.01884663,90516.4086,812944.957,313388.967,603772.2418,1.1,강남구,삼성2동,0.147647609,"3,808",40.5,3,"13,616",0.660353369,"59,981,514",45.2,184499.0193,67.52,247069,30.4,8,33,"54,479","612,630","1,317,569",0.0009264,0.7468,661559
7호선,건대입구,10.74906246,98456.16129,817494.9892,262897.3956,661262.2088,0.8,광진구,화양동,0.087606997,"2,354",37.1,2,"20,666",0.650722907,"5,970,256",76.9,64470.5604,83,99327,35.7,7,11,"18,753","74,985","75,468",0.0021031,0.6491,56402
7호선,고속터미널,13.14524021,139219.1613,919865.0323,303622.0769,760501.4066,0.9,서초구,"방배1,4동",0.163596237,3273,43,2,"8,858",0.669376204,"29,493,607",45.2,141363.4971,77.1,176544,31.5,2,19,"41,774","361,958","671,136",0.0008348,0.8007,358289
7호선,공릉(서울과학기술대),17.39002322,130749.0789,621113.5109,242519.3024,508972.581,1.3,노원구,공릉1동,0.179542778,"6,707",44.3,4,"14,530",0.614545455,"5,292,768",82,58734.25297,78.86,152486,48.4,11,16,"28,307","67,094","48,330",0.0048558,0.3852,47910
7호선,군자(능동),17.67358929,133373.9235,621277.106,249137.1881,505412.2667,1.1,광진구,중곡동,0.17098258,2963,44.05,2,"20,666",0.650722907,"5,970,256",76.9,64470.5604,83,99327,35.7,7,11,"18,753","74,985","75,468",0.0027715,0.6491,56402
7호선,남구로,12.24638967,114257.1828,818729.4839,382599.9011,555439.8132,1.1,구로구,구로동,0.165762133,4806.333333,46.5,3,"20,933",0.630238761,"11,964,909",84.2,82654.40333,78.13,145961,39.6,6,13,"25,689","72,886","111,685",0.0020154,0.5663,70087
7호선,남성,20.70144224,132907.7957,509114.1183,214194.3187,426382.9231,1,동작구,"사당동4,5동",0.176841411,2544.5,44.2,3,"24,113",0.637999816,"5,184,807",73.5,30228.83056,78.71,106503,43.3,9,17,"21,743","83,726","73,671",0.001211,0.2838,59713
7호선,내방,15.14896611,122014.4839,683416.6129,307747.5934,501129.6044,2.2,서초구,"방배1,4동",0.163596237,3273,43,2,"8,858",0.669376204,"29,493,607",45.2,141363.4971,77.1,176544,31.5,13,19,"41,774","361,958","671,136",0.0008348,0.8007,358289
7호선,노원,17.88068904,220483.7849,1012599.484,345084.7802,893264.6154,1.2,노원구,상계동,0.173606444,4578.375,44.675,4,"14,530",0.614545455,"5,292,768",82,58734.25297,78.86,152486,48.4,10,16,"28,307","67,094","48,330",0.002483,0.3852,47910
7호선,논현,8.46224358,96882.75268,1047999.828,405847.7473,749764.033,1,강남구,논현1동,0.200983944,"2,975",42.5,3,"13,616",0.660353369,"59,981,514",45.2,184499.0193,67.52,247069,30.4,10,33,"54,479","612,630","1,317,569",0.0017256,0.7468,661559
7호선,대림(구로구청),10.77060358,67382.83435,558235.1621,173644.8333,446263.1095,1.4,영등포구,대림동,0.184977665,3950,47.6,3,"16,331",0.644943875,"27,701,698",72.6,183681.3439,75.22,145699,46.6,11,19,"27,663","144,087","649,609",0.0017693,1.2607,273786
7호선,도봉산,17.32631277,104616.4516,499184.5592,199520.5934,413157.3297,1.4,도봉구,도봉동,0.26431,"5,861",50.6,3,"15,465",0.593927881,"2,816,851",85.5,48513.31047,81.56,95742,37.9,6,8,"16,931","38,371","27,577",0.0051843,0.5067,27626
7호선,뚝섬유원지,15.12477683,81799.02151,459028.9355,163846.4615,371972.8352,1,광진구,자양3동,0.155367131,"4,361",42.9,2,"20,666",0.650722907,"5,970,256",76.9,64470.5604,83,99327,35.7,2,11,"18,753","74,985","75,468",0.0010977,0.6491,56402
7호선,마들,21.91722181,148620.8602,529479.957,227635.9451,451433.1648,1.4,노원구,"상계8,9,10동",0.153576684,3123.666667,42.63333333,4,"14,530",0.614545455,"5,292,768",82,58734.25297,78.86,152486,48.4,11,16,"28,307","67,094","48,330",0.0008718,0.3852,47910
7호선,먹골,19.53285277,116722.8065,480848.9247,196552.2967,400848.033,0.9,중랑구,묵동,0.18559133,4872.5,45.1,3,"21,188",0.601979734,"4,013,154",87.6,60552.00829,79.16,115462,38,9,16,"18,874","47,738","32,233",0.0031093,0.5244,32948
7호선,면목,19.01868476,172966.3979,736488.6989,307681.4725,599711.033,0.8,중랑구,면목본동,0.183112233,"6,239",46.1,3,"21,188",0.601979734,"4,013,154",87.6,60552.00829,79.16,115462,38,11,16,"18,874","47,738","32,233",0.0066788,0.5244,32948
7호선,반포,16.9724127,60867.63441,297759.2473,113028,242979.2527,0.9,서초구,잠원동,0.127005447,"3,404",41.2,2,"8,858",0.669376204,"29,493,607",45.2,141363.4971,77.1,176544,31.5,2,19,"41,774","361,958","671,136",0.0006475,0.8007,358289
7호선,보라매,15.07533397,82346.32258,463885.8387,202919.967,344362.6264,0.8,동작구,대방동,0.155116725,"5,907",42.5,3,"16,331",0.644943875,"27,701,698",72.6,183681.3439,75.22,145699,46.6,10,19,"21,743","83,726","73,671",0.003914,1.2607,59713
7호선,사가정,19.67198992,181742.4731,742121.7312,304379.1429,622972.9341,0.9,중랑구,면목동,0.203259515,4761.5,46.9,3,"21,188",0.601979734,"4,013,154",87.6,60552.00829,79.16,115462,38,10,16,"18,874","47,738","32,233",0.0040849,0.5244,32948
7호선,상도,17.16218887,109612.0215,529071.2043,206042.2198,428490.1319,0.9,동작구,상도2동,0.155122783,"4,365",42.2,3,"24,113",0.637999816,"5,184,807",73.5,30228.83056,78.71,106503,43.3,15,17,"21,743","83,726","73,671",0.001345,0.2838,59713
7호선,상봉(시외버스터미널),13.48472121,134595.2307,863536.126,329415.2738,670667.5357,1,중랑구,상봉동,0.156254779,3489,43.65,3,"21,188",0.601979734,"4,013,154",87.6,60552.00829,79.16,115462,38,5,16,"18,874","47,738","32,233",0.0037036,0.5244,32948
7호선,수락산,22.27097628,174127.4409,607730.699,243350.3846,544420.9341,1.6,노원구,상계1동,0.192457395,"7,318",45.7,4,"14,530",0.614545455,"5,292,768",82,58734.25297,78.86,152486,48.4,10,16,"28,307","67,094","48,330",0.0037862,0.3852,47910
7호선,숭실대입구(살피재),13.03776008,115370.2934,769523.2212,278289.2548,607835.3571,2,동작구,상도1동,0.156563235,"7,185",42.3,3,"24,113",0.637999816,"5,184,807",73.5,30228.83056,78.71,106503,43.3,5,17,"21,743","83,726","73,671",0.0031719,0.2838,59713
7호선,신대방삼거리,18.84799365,174309.871,750509.3656,319058.2857,598008.6154,1.2,동작구,대방동,0.155116725,"5,907",42.5,3,"24,113",0.637999816,"5,184,807",73.5,30228.83056,78.71,106503,43.3,11,17,"21,743","83,726","73,671",0.003914,0.2838,59713
7호선,신풍,19.7809008,128665.8817,521789.2366,223010.2088,430014.4396,0.9,영등포구,신길동,0.173379414,2657.666667,44.9,3,"16,331",0.644943875,"27,701,698",72.6,183681.3439,75.22,145699,46.6,11,19,"27,663","144,087","649,609",0.0014996,1.2607,273786
7호선,어린이대공원(세종대),9.19229129,85274.88615,842403.3549,271722.5381,654013.4381,1.1,광진구,능동,0.143323315,"1,669",42.3,2,"20,666",0.650722907,"5,970,256",76.9,64470.5604,83,99327,35.7,4,11,"18,753","74,985","75,468",0.0011034,0.6491,56402
7호선,온수(성공회대입구),10.99533005,67344.65121,545139.4753,231999.8143,379435.6857,1.5,구로구,수궁동,0.193858047,"4,564",45.4,3,"20,933",0.630238761,"11,964,909",84.2,82654.40333,78.13,145961,39.6,9,13,"25,689","72,886","111,685",0.0021843,0.5663,70087
7호선,용마산(용마폭포공원),20.0809303,68476.74031,272527.0841,118190.1435,223632.819,0.8,중랑구,면목4동,0.202293674,"3,863",46.4,3,"21,188",0.601979734,"4,013,154",87.6,60552.00829,79.16,115462,38,4,16,"18,874","47,738","32,233",0.0047514,0.5244,32948
7호선,이수,15.27308027,144216.5269,800036.5269,296779.2088,648595.9231,0.9,동작구,"사당1,2동",0.180276839,4745,44.3,3,"24,113",0.637999816,"5,184,807",73.5,30228.83056,78.71,106503,43.3,11,17,"21,743","83,726","73,671",0.0017689,0.2838,59713
7호선,장승배기,23.41915645,140654.4086,459941.129,195856.2967,402514.2857,0.9,동작구,상도2동,0.155122783,"4,365",42.2,3,"24,113",0.637999816,"5,184,807",73.5,30228.83056,78.71,106503,43.3,13,17,"21,743","83,726","73,671",0.001345,0.2838,59713
7호선,중계,20.47668343,173421.5699,673500.5914,292206.7582,555570.978,1.1,노원구,"중계2,3동",0.222431891,"7,544",46.7,4,"14,530",0.614545455,"5,292,768",82,58734.25297,78.86,152486,48.4,8,16,"28,307","67,094","48,330",0.0097633,0.3852,47910
7호선,중곡,20.27532926,115384.6882,453704.4086,196996.0879,372616.7143,0.9,광진구,중곡동,0.17098258,3532.75,44.925,2,"20,666",0.650722907,"5,970,256",76.9,64470.5604,83,99327,35.7,7,11,"18,753","74,985","75,468",0.0033578,0.6491,56402
7호선,중화,18.47513754,119097.7849,525540.3656,219779.3407,427066.8132,0.9,중랑구,중화동,0.197329743,4434,46.45,3,"21,188",0.601979734,"4,013,154",87.6,60552.00829,79.16,115462,38,12,16,"18,874","47,738","32,233",0.0047541,0.5244,32948
7호선,천왕,17.76171681,93169.84946,431384.4516,184242.3956,329311.8132,1.7,구로구,오류2동,0.187593385,"7,282",43.9,3,"20,933",0.630238761,"11,964,909",84.2,82654.40333,78.13,145961,39.6,7,13,"25,689","72,886","111,685",0.0041622,0.5663,70087
7호선,청담,11.43506661,136693.0538,1058691.796,463754.6154,753591.9231,2,강남구,삼성동,0.148664035,2987.5,42.05,3,"13,616",0.660353369,"59,981,514",45.2,184499.0193,67.52,247069,30.4,5,33,"54,479","612,630","1,317,569",0.0006302,0.7468,661559
7호선,태릉입구,15.50781642,77807.46237,423923.1505,156301.5055,341933.3956,0.8,노원구,공릉동,0.157613898,6234.5,42.6,4,"14,530",0.614545455,"5,292,768",82,58734.25297,78.86,152486,48.4,8,16,"28,307","67,094","48,330",0.0033854,0.3852,47910
7호선,하계,18.13089969,195594.828,883197.9032,352125.1099,736110.5824,1,노원구,하계동,0.160282217,3956.5,43.45,4,"14,530",0.614545455,"5,292,768",82,58734.25297,78.86,152486,48.4,14,16,"28,307","67,094","48,330",0.0041127,0.3852,47910
7호선,학동,8.746896983,111387.5807,1162064.946,508588.7033,787424.3407,0.9,강남구,논현동,0.199939958,3087,42.8,3,"13,616",0.660353369,"59,981,514",45.2,184499.0193,67.52,247069,30.4,5,33,"54,479","612,630","1,317,569",0.0013489,0.7468,661559
8호선,가락시장,23.40827121,107475.3118,351658.6022,151286.5495,298507.3516,0.8,송파구,가락동,0.139772076,4010,41.05,4,"19,599",0.658157182,"22,002,209",62.1,178618.0463,73.62,249843,42.7,9,29,"50,715","309,537","363,480",0.000542,0.7149,241244
8호선,강동구청,19.76095209,119259.6237,484251.9032,227313.8132,377568.1538,0.9,강동구,성내1동,0.158635139,"3,180",42.8,4,"19,599",0.658157182,"22,002,209",62.1,178618.0463,73.62,249843,42.7,10,29,"27,354","117,372","99,745",0.0007338,0.7149,81490
8호선,몽촌토성(평화의문),18.84666766,72539.54579,312353.6729,135708.7881,258750.2857,1.6,송파구,방이2동,0.132975552,"3,568",42.2,4,"19,599",0.658157182,"22,002,209",62.1,178618.0463,73.62,249843,42.7,5,29,"50,715","309,537","363,480",0.0014258,0.7149,241244
8호선,문정,9.982229846,93447.1828,842688.1721,371465.967,474104.1648,0.9,송파구,문정1동,0.153294487,"3,078",43.4,4,"19,599",0.658157182,"22,002,209",62.1,178618.0463,73.62,249843,42.7,2,29,"50,715","309,537","363,480",0.0006334,0.7149,241244
8호선,복정,14.35342111,81295.19355,485086.8064,193537.0549,343901.2198,0.9,송파구,문정동,0.146962982,3574.5,42.65,4,"19,599",0.658157182,"22,002,209",62.1,178618.0463,73.62,249843,42.7,9,29,"50,715","309,537","363,480",0.0003923,0.7149,241244
8호선,석촌,20.89455417,105197.6344,398271.5161,168062.7473,340936.5824,1.3,송파구,석촌동,0.144685378,"4,624",43,4,"19,599",0.658157182,"22,002,209",62.1,178618.0463,73.62,249843,42.7,5,29,"50,715","309,537","363,480",0.0015676,0.7149,241244
8호선,송파,21.39904479,88334.41936,324461.6667,137617.4286,246759.6923,0.9,송파구,가락1동,0.131966618,"3,637",40.3,4,"19,599",0.658157182,"22,002,209",62.1,178618.0463,73.62,249843,42.7,6,29,"50,715","309,537","363,480",0.0001765,0.7149,241244
8호선,암사,18.33979147,182129.6452,810954.957,356807.8681,629182.1538,0.6,강동구,"암사1,2동",0.171942125,4355,43.9,3,"18,970",0.635355052,"7,424,711",75.7,48154.79126,78.63,152283,38.2,6,13,"27,354","117,372","99,745",0.0023188,0.3162,81490
8호선,잠실(송파구청),13.59136747,116767.9012,742364.938,264897.5714,563893.3976,0.8,송파구,"잠실3,6동",0.174873598,4457.5,43.05,4,"19,599",0.658157182,"22,002,209",62.1,178618.0463,73.62,249843,42.7,2,29,"50,715","309,537","363,480",0.0000693,0.7149,241244
8호선,장지,13.37229916,130846.5914,847643.2688,329385.3846,606683.2308,0.9,송파구,장지동,0.15340851,"4,503",42.8,4,"19,599",0.658157182,"22,002,209",62.1,178618.0463,73.62,249843,42.7,9,29,"50,715","309,537","363,480",0.0026468,0.7149,241244
8호선,천호(풍납토성),14.67937684,166355.6343,966905.2404,369531.5571,769398.2381,1.3,강동구,천호동,0.184499001,5359.5,45.05,3,"18,970",0.635355052,"7,424,711",75.7,48154.79126,78.63,152283,38.2,6,13,"27,354","117,372","99,745",0.003773,0.3162,81490
9호선,가양,19.85271321,230524.5377,930649.4301,391946.2857,762425.1099,1.3,강서구,가양2동,0.305952635,"4,302",51.7,4,"13,986",0.643029414,"10,739,720",81.1,690250.1238,75.53,207008,36.1,10,23,"35,002","115,943","143,479",0.0059482,3.3344,98141
9호선,개화,18.98832092,48617.86021,207423,99732.21978,150892.2747,1.17,강서구,방화2동,0.210935839,"4,961",46.3,4,"13,986",0.643029414,"10,739,720",81.1,690250.1238,75.53,207008,36.1,4,23,"35,002","115,943","143,479",0.003033,3.3344,98141
9호선,고속터미널,11.09391305,108510.8602,869600.8279,250386.0659,711266.0659,0.8,서초구,"방배1,4동",0.163596237,3273,43,2,"8,858",0.669376204,"29,493,607",45.2,141363.4971,77.1,176544,31.5,7,19,"41,774","361,958","671,136",0.0008348,0.8007,358289
9호선,공항시장,25.5304318,45176.24731,131774.3333,52021.08791,126050.7473,0.8,강서구,공항동,0.139910457,"4,375",41,4,"13,986",0.643029414,"10,739,720",81.1,690250.1238,75.53,207008,36.1,4,23,"35,002","115,943","143,479",0.0031634,3.3344,98141
9호선,구반포,24.63787108,42151.16129,128931.6452,50638.85714,121757.2308,1,서초구,반포동,0.143239925,3063.25,40.5,2,"8,858",0.669376204,"29,493,607",45.2,141363.4971,77.1,176544,31.5,1,19,"41,774","361,958","671,136",0.000397,0.8007,358289
9호선,국회의사당,10.86534097,95050.60215,779754.914,389331.6813,488980.6044,1.5,영등포구,여의도동,0.191300408,"6,333",44.4,3,"16,331",0.644943875,"27,701,698",72.6,183681.3439,75.22,145699,46.6,6,19,"27,663","144,087","649,609",0.000335,1.2607,273786
9호선,김포공항,6.716287883,40520.15053,562791.5484,167552.5385,424414.0879,3.6,강서구,방화2동,0.210935839,"4,961",46.3,4,"13,986",0.643029414,"10,739,720",81.1,690250.1238,75.53,207008,36.1,4,23,"35,002","115,943","143,479",0.003033,3.3344,98141
9호선,노들,22.95131465,57247.78495,192183.6129,82563.53846,167861.2198,1.1,동작구,노량진1동,0.185079621,"5,974",44.3,3,"24,113",0.637999816,"5,184,807",73.5,30228.83056,78.71,106503,43.3,12,17,"21,743","83,726","73,671",0.0031255,0.2838,59713
9호선,노량진,10.40305435,168479.3333,1451038.624,543141.022,1095854.451,1.2,동작구,노량진동,0.192990579,4123.5,45.5,3,"24,113",0.637999816,"5,184,807",73.5,30228.83056,78.71,106503,43.3,7,17,"21,743","83,726","73,671",0.0027017,0.2838,59713
9호선,당산,11.42126142,116178.8495,901036.7205,328199.8901,669259.2198,1,영등포구,당산동,0.147220186,4146,42.1,3,"16,331",0.644943875,"27,701,698",72.6,183681.3439,75.22,145699,46.6,15,19,"27,663","144,087","649,609",0.0010708,1.2607,273786
9호선,동작(현충원),24.34993083,27908.13856,86704.66567,31984.16429,77866.82857,1.4,동작구,사당2동,0.196682711,"5,680",45.1,3,"24,113",0.637999816,"5,184,807",73.5,30228.83056,78.71,106503,43.3,4,17,"21,743","83,726","73,671",0.0015177,0.2838,59713
9호선,둔촌오륜,20.02757546,10688.23636,42679.36364,22489,37340,1.14,강동구,둔촌동,0.226155075,"4,225",44.1,4,"19,599",0.658157182,"22,002,209",62.1,178618.0463,73.62,249843,42.7,2,29,"27,354","117,372","99,745",0.0011882,0.7149,81490
9호선,등촌,25.2979098,151085.5914,446140,201670.1758,400735.5165,1,강서구,염창동,0.109145743,"4,560",39.5,4,"13,986",0.643029414,"10,739,720",81.1,690250.1238,75.53,207008,36.1,2,23,"35,002","115,943","143,479",0.0004162,3.3344,98141
9호선,마곡나루(서울식물원),8.506261298,40763.88875,438458.2668,161043.1332,277449.8662,0.9,강서구,가양1동,0.092724265,"3,195",39.4,4,"13,986",0.643029414,"10,739,720",81.1,690250.1238,75.53,207008,36.1,8,23,"35,002","115,943","143,479",0.0005484,3.3344,98141
9호선,봉은사,9.034599247,77808.63441,783420.871,373119,671609,0.95,강남구,삼성1동,0.149680461,"2,167",43.6,3,"13,616",0.660353369,"59,981,514",45.2,184499.0193,67.52,247069,30.4,8,33,"54,479","612,630","1,317,569",0.000334,0.7468,661559
9호선,사평,18.48022469,30970.72043,136617.7204,56040.40659,108865.4066,1.1,서초구,반포1동,0.11818992,"4,111",39.6,2,"8,858",0.669376204,"29,493,607",45.2,141363.4971,77.1,176544,31.5,4,19,"41,774","361,958","671,136",0.0011675,0.8007,358289
9호선,삼성중앙,12.6646557,39934.38709,275387.1505,155027,231641,0.95,강남구,삼성2동,0.147647609,"3,808",40.5,3,"13,616",0.660353369,"59,981,514",45.2,184499.0193,67.52,247069,30.4,2,33,"54,479","612,630","1,317,569",0.0009264,0.7468,661559
9호선,삼전,17.93575821,57908.87272,264959.4,130817,247085,1.14,송파구,잠실7동,0.230995689,2197,46.3,4,"19,599",0.658157182,"22,002,209",62.1,178618.0463,73.62,249843,42.7,6,29,"50,715","309,537","363,480",0.0000173,0.7149,241244
9호선,샛강,16.17691726,48580.9785,251729.5054,114574.9121,189050.6154,0.8,영등포구,여의도동,0.191300408,"6,333",44.4,3,"16,331",0.644943875,"27,701,698",72.6,183681.3439,75.22,145699,46.6,1,19,"27,663","144,087","649,609",0.000335,1.2607,273786
9호선,석촌,13.77888747,50846.6,318171.5818,149920,315538,1.14,송파구,석촌동,0.144685378,"4,624",43,4,"19,599",0.658157182,"22,002,209",62.1,178618.0463,73.62,249843,42.7,4,29,"50,715","309,537","363,480",0.0015676,0.7149,241244
9호선,석촌고분,19.54858132,56047.23636,230660.2,120478,221155,1.14,송파구,석촌동,0.144685378,"4,624",43,4,"19,599",0.658157182,"22,002,209",62.1,178618.0463,73.62,249843,42.7,6,29,"50,715","309,537","363,480",0.0015676,0.7149,241244
9호선,선유도,12.30825911,48657.12903,346663.8387,162751.4176,232827.3736,1.2,영등포구,양평2동,0.114679103,"2,582",40.4,3,"16,331",0.644943875,"27,701,698",72.6,183681.3439,75.22,145699,46.6,8,19,"27,663","144,087","649,609",0.0006899,1.2607,273786
9호선,선정릉,9.047323142,41217.60215,414360.2688,212849,335938,0.95,강남구,역삼2동,0.122082585,"3,828",39.1,3,"13,616",0.660353369,"59,981,514",45.2,184499.0193,67.52,247069,30.4,8,33,"54,479","612,630","1,317,569",0.0011332,0.7468,661559
9호선,송파나루,18.17072252,43304.10909,195013.9273,100324,200072,1.14,송파구,송파동,0.150898548,3259,42.65,4,"19,599",0.658157182,"22,002,209",62.1,178618.0463,73.62,249843,42.7,8,29,"50,715","309,537","363,480",0.0007405,0.7149,241244
9호선,신논현,5.685959737,100755.1613,1671244.043,538312.6374,1210317.242,0.9,강남구,논현동,0.199939958,3087,42.8,3,"13,616",0.660353369,"59,981,514",45.2,184499.0193,67.52,247069,30.4,11,33,"54,479","612,630","1,317,569",0.0013489,0.7468,661559
9호선,신목동,16.47948124,35453.07527,179681.5806,77438.23077,137577.9341,0.9,양천구,목동,0.132936777,3882.8,41.68,3,"25,882",0.648501606,"6,022,303",70.8,128079.4167,80.43,151382,39.5,6,6,"29,267","104,276","98,960",0.0016632,0.8461,77501
9호선,신반포,21.77467621,41248.27957,148184.0645,62838.05495,126664.0549,0.7,서초구,반포2동,0.130352286,"2,061",39.2,2,"8,858",0.669376204,"29,493,607",45.2,141363.4971,77.1,176544,31.5,5,19,"41,774","361,958","671,136",0.0000178,0.8007,358289
9호선,신방화,19.71964318,82606.36559,336297.5914,139458.1978,281297.3626,0.8,강서구,방화1동,0.159436816,"6,851",42.5,4,"13,986",0.643029414,"10,739,720",81.1,690250.1238,75.53,207008,36.1,7,23,"35,002","115,943","143,479",0.0021613,3.3344,98141
9호선,양천향교,16.0442072,77703.03226,406602.8064,169894.1758,303051.5824,1.4,강서구,가양1동,0.092724265,"3,195",39.4,4,"13,986",0.643029414,"10,739,720",81.1,690250.1238,75.53,207008,36.1,6,23,"35,002","115,943","143,479",0.0005484,3.3344,98141
9호선,언주,9.570656258,46923.60215,443362.5484,220382,355638,0.95,강남구,논현동,0.199939958,3087,42.8,3,"13,616",0.660353369,"59,981,514",45.2,184499.0193,67.52,247069,30.4,8,33,"54,479","612,630","1,317,569",0.0013489,0.7468,661559
9호선,여의도,6.642259251,78635.88172,1105236.634,517049.5934,643938.0659,0.9,영등포구,여의도동,0.191300408,"6,333",44.4,3,"16,331",0.644943875,"27,701,698",72.6,183681.3439,75.22,145699,46.6,3,19,"27,663","144,087","649,609",0.000335,1.2607,273786
9호선,염창,13.07025544,121115.3871,805533.5806,314961.2198,599142.5385,0.9,강서구,염창동,0.109145743,"4,560",39.5,4,"13,986",0.643029414,"10,739,720",81.1,690250.1238,75.53,207008,36.1,5,23,"35,002","115,943","143,479",0.0004162,3.3344,98141
9호선,올림픽공원(한국체대),10.23070659,38747.61818,339990.8182,129157,309122,1.14,송파구,방이동,0.139989858,2931,42.35,4,"19,599",0.658157182,"22,002,209",62.1,178618.0463,73.62,249843,42.7,4,29,"50,715","309,537","363,480",0.0009713,0.7149,241244
9호선,종합운동장,10.54661764,29029.72043,246221.7527,82127,170147,0.95,송파구,"잠실2,7동",0.170317018,3017.5,42.45,4,"19,599",0.658157182,"22,002,209",62.1,178618.0463,73.62,249843,42.7,2,29,"50,715","309,537","363,480",0.0000347,0.7149,241244
9호선,중앙보훈병원,28.94292819,126206.2909,309845.9636,195012,351910,1.14,강동구,둔촌동,0.226155075,"4,225",44.1,3,"18,970",0.635355052,"7,424,711",75.7,48154.79126,78.63,152283,38.2,5,13,"27,354","117,372","99,745",0.0011882,0.3162,81490
9호선,증미,20.00839339,79732.61291,318763.215,155765.2418,249053.1648,0.7,강서구,가양3동,0.253350308,"3,781",48.7,4,"13,986",0.643029414,"10,739,720",81.1,690250.1238,75.53,207008,36.1,3,23,"35,002","115,943","143,479",0.0041298,3.3344,98141
9호선,한성백제,19.46907638,23511.6,97252.21818,49416,95383,1.14,송파구,방이2동,0.132975552,"3,568",42.2,4,"19,599",0.658157182,"22,002,209",62.1,178618.0463,73.62,249843,42.7,3,29,"50,715","309,537","363,480",0.0014258,0.7149,241244
9호선,흑석(중앙대입구),18.57389335,102697.6667,450216.3871,170776.6264,390619.4725,1.1,동작구,흑석동,0.174837192,"5,799",44.3,3,"24,113",0.637999816,"5,184,807",73.5,30228.83056,78.71,106503,43.3,8,17,"21,743","83,726","73,671",0.0022237,0.2838,59713
,,,,,,,,,,,,,,,,,,,,,,,,"21,403","68,343","56,941",,,
